word,freq
NUMBER,23157
schedule,3048
data,2090
database,2052
dbcaps,2010
alias,1336
unknown,1335
final,1187
iso,1079
hour,1075
date,1053
message,1046
california,1002
hourahead,959
start,848
portland,819
error,779
operation,772
file,762
close,731
deal,725
variance,713
log,712
txt,700
westdesk,698
perform,694
parsing,688
detect,649
please,643
time,619
ancillary,602
award,593
enron,589
term,578
epmi,548
mw,516
type,479
bill,439
com,429
day,419
know,416
id,407
short,387
e,371
total,369
subject,363
real,363
p,354
thanks,344
trans,344
pm,317
price,310
question,308
need,306
prefer,303
energy,300
long,299
market,298
mail,296
get,289
original,287
let,283
load,283
would,274
change,260
power,258
find,256
call,255
number,254
require,252
sent,250
desk,247
sc,245
make,244
williams,237
next,226
go,225
say,222
detail,217
new,216
work,213
group,213
july,208
kate,208
like,205
see,204
fail,200
may,198
sell,197
u,191
download,191
transaction,190
manual,188
buy,187
take,187
intervention,186
send,185
information,185
re,182
point,181
mwh,177
system,176
june,174
northwest,173
mkt,173
already,171
user,170
iii,169
one,169
service,166
southwest,166
also,165
follow,162
order,160
purchase,159
august,158
request,157
palo,157
enrj,157
available,156
c,155
friday,154
back,153
trade,153
ect,150
report,150
individual,149
monday,148
month,148
state,146
west,146
want,145
ahead,144
cc,140
locate,140
th,139
good,135
match,134
unable,134
progress,132
sp,130
enpower,127
peak,125
use,124
interchange,123
look,122
amy,121
st,120
help,120
assign,120
revised,119
table,119
cost,117
employee,115
business,114
caiso,114
provide,113
regard,113
tuesday,113
transmission,113
last,112
week,112
trader,111
mid,108
chris,107
unit,107
meeting,105
enter,105
include,104
could,104
epe,104
first,103
charge,103
preferred,103
op,103
book,102
company,102
come,102
tag,102
think,101
hourly,101
ferc,101
firm,100
contact,99
symes,99
access,98
thursday,97
grand,97
line,96
trading,95
run,95
virginia,94
give,93
today,93
path,93
check,93
john,93
sale,92
customer,91
pge,91
two,90
note,89
well,89
forward,88
grace,88
notice,87
phone,87
issue,87
ciso,87
position,86
plan,85
team,85
receive,84
add,84
cut,84
bpa,83
update,83
email,83
wednesday,82
still,82
year,82
room,82
show,81
problem,80
review,80
np,80
stwbom,79
sure,78
tie,78
set,77
http,77
keep,77
sheet,77
thank,77
try,76
ask,76
name,76
comment,76
engy,76
post,75
currently,75
generator,75
el,74
right,73
mark,73
put,73
volume,73
paso,73
interchg,72
morning,71
process,71
seller,71
x,70
david,70
delivery,70
pv,70
participant,69
mike,68
amount,68
settlement,68
interview,67
office,67
mailto,67
rate,67
due,67
complete,67
houston,66
pay,66
corp,66
eol,66
general,66
high,65
risk,65
w,65
end,64
minute,64
thing,64
people,64
jon,63
management,63
place,62
able,62
list,62
tell,61
confirm,61
little,60
mpc,60
fee,60
stsw,60
great,58
sunday,58
contract,58
annuity,58
control,58
meet,58
create,58
refund,58
resource,58
saturday,57
manager,57
opportunity,56
tim,56
support,56
field,56
bal,56
much,55
leave,55
event,55
submit,55
attach,55
ryan,55
bid,55
guy,54
per,54
loss,54
do,54
bloomberg,54
server,54
cara,53
course,53
wscc,53
either,53
steve,53
america,53
prescheduled,53
game,53
spl,52
communication,52
conference,52
base,52
account,52
sql,52
north,52
reply,52
greg,51
outage,51
expect,51
generation,51
michael,51
hel,51
operate,51
tblloads,51
status,50
way,49
concern,49
non,49
best,49
pdx,48
fitzpatrick,48
expense,48
program,48
many,48
condition,48
agreement,48
free,47
must,47
application,47
net,47
practice,47
dec,47
commission,47
procedure,47
nov,47
later,46
feel,46
continue,46
inc,46
answer,46
copy,46
ticket,46
import,46
ectstsw,46
tomorrow,45
interested,45
fw,45
address,45
policy,45
around,45
talk,44
dave,44
electricity,44
reduce,44
begin,44
might,44
export,44
kevin,44
page,44
kysa,44
another,43
yes,43
night,43
hope,43
hou,43
area,43
gas,43
client,43
every,43
lisa,43
anything,42
cap,42
anyone,42
flow,42
confirmation,42
pacific,42
reach,41
doc,41
current,41
marketing,41
model,41
letter,41
even,41
april,40
summer,40
allen,40
soon,40
dispatch,40
notification,40
output,40
equal,40
department,40
attempt,40
thompson,39
dispute,39
read,39
move,39
correct,39
however,39
imbalance,39
agree,39
relation,39
sw,39
plant,38
reminder,38
party,38
attend,38
reflect,38
view,38
response,38
appropriate,38
hold,38
global,38
daily,38
foster,38
link,38
since,38
alport,38
lock,38
old,38
web,37
site,37
interest,37
financial,37
possible,37
q,37
reason,37
prior,37
park,37
counterparty,36
allow,36
believe,36
jeff,36
additional,36
home,36
within,36
offer,36
emergency,36
manage,36
value,36
robert,36
less,36
public,36
click,36
pma,36
discussion,36
gail,36
mt,35
b,35
presto,35
n,35
oasis,35
utility,35
davis,35
afternoon,34
hi,34
three,34
clear,34
governor,34
fax,34
ca,34
associate,34
september,34
direction,34
si,34
play,33
wolfe,33
cal,33
rodriguez,33
share,33
implement,33
second,33
buyer,33
care,32
couple,32
period,32
law,32
npl,32
l,32
idea,32
credit,32
addition,32
never,32
select,32
yet,32
result,32
operator,32
mead,32
jim,32
sign,32
describe,32
really,31
bad,31
late,31
early,31
function,31
section,31
independent,31
physical,31
fran,31
attached,31
stage,31
distribution,31
item,31
todd,31
something,30
ok,30
together,30
actually,30
cell,30
belden,30
committee,30
fyi,30
job,30
record,30
inquiry,30
develop,30
v,30
happen,30
director,30
discuss,30
ramp,30
h,30
several,30
card,30
oct,30
semperger,29
profit,29
write,29
part,29
save,29
key,29
feedback,29
pull,29
aps,29
official,29
travel,29
experience,29
form,29
supply,29
kathy,29
join,29
heather,29
water,29
fix,29
jones,29
lst,29
cover,29
performance,29
oregon,29
division,29
stock,29
hey,28
open,28
geir,28
fact,28
understand,28
recent,28
ensure,28
wholesale,28
large,28
million,28
speak,28
sempra,28
g,28
effective,28
effort,28
bring,28
fall,28
sdgl,28
case,27
hear,27
mean,27
hire,27
western,27
reserve,27
person,27
responsible,27
requirement,27
yesterday,27
online,27
analysis,27
stop,27
option,27
lotus,27
stan,27
supps,27
agency,27
nw,27
past,27
soccer,27
wserv,27
weekend,26
shift,26
nerc,26
accurate,26
staff,26
location,26
skill,26
direct,26
susan,26
respond,26
al,26
generate,26
harbor,26
delano,26
walc,26
accept,26
occur,26
duke,26
malin,26
hall,26
justin,26
sound,25
oh,25
seem,25
sorry,25
craig,25
test,25
example,25
security,25
conflict,25
determine,25
structure,25
federal,25
city,25
decision,25
head,25
member,25
info,25
appear,25
entry,25
adjustment,25
approval,25
keoni,25
scott,25
gov,25
executive,25
level,25
small,25
button,25
jill,25
chief,25
lending,25
turn,25
org,25
anderson,25
www,24
capacity,24
administration,24
benefit,24
visit,24
learn,24
session,24
statement,24
maintain,24
upon,24
version,24
cob,24
product,24
otherwise,24
news,24
miss,24
rout,24
side,24
action,24
supplemental,24
wheel,24
preschedule,24
money,24
ql,24
rndmtn,24
pick,23
stay,23
though,23
whether,23
mind,23
others,23
reference,23
train,23
future,23
evelyn,23
document,23
slinger,23
always,23
analyst,23
crisis,23
become,23
activity,23
hotel,23
demand,23
montana,23
advise,23
etc,23
entire,23
website,23
adjust,23
almeida,23
puget,23
someone,23
aug,23
ad,23
bert,23
south,23
crcommunications,23
chip,23
concur,23
green,23
remember,22
probably,22
world,22
across,22
return,22
important,22
easy,22
class,22
limit,22
fire,22
emission,22
top,22
hit,22
indicate,22
title,22
ena,22
resume,22
meyers,22
holden,22
fc,22
four,22
mitigation,22
zero,22
whourly,22
rest,22
far,21
tom,21
paul,21
away,21
realtime,21
fill,21
draft,21
training,21
without,21
president,21
candidate,21
capital,21
decide,21
previous,21
resolve,21
role,21
solberg,21
admin,21
responsibility,21
technical,21
scheduling,21
october,21
recommendation,21
everyone,21
notify,21
directly,21
appreciate,21
house,21
chairman,21
sort,21
jan,21
netscape,21
adam,21
word,20
scholtes,20
machine,20
happy,20
split,20
instead,20
pg,20
assistance,20
van,20
hood,20
debra,20
alan,20
remain,20
explain,20
implementation,20
yahoo,20
intend,20
ice,20
murray,20
pst,20
calculate,20
drive,20
ee,20
fine,20
tm,20
le,20
hlh,20
martel,20
ref,20
window,20
bob,20
harshbarger,20
mon,20
consultant,20
deficient,20
dear,19
establish,19
strategy,19
source,19
investment,19
enronxgate,19
attention,19
bc,19
announce,19
inform,19
broker,19
reservation,19
revise,19
baker,19
exist,19
electric,19
lt,19
mws,19
friend,19
default,19
negotiate,19
affect,19
compliance,19
input,19
rating,19
shot,19
dynamic,19
preparing,19
suddenly,19
november,19
ecthou,19
pverde,19
pretty,18
internal,18
pre,18
certain,18
basis,18
recommend,18
involve,18
tool,18
increase,18
clemons,18
via,18
claim,18
instruction,18
code,18
j,18
assist,18
whole,18
serve,18
raise,18
spreadsheet,18
guzman,18
smith,18
cash,18
deliver,18
exchange,18
hackney,18
co,18
browser,18
maintenance,18
produce,18
wheelabrator,18
flat,18
timeline,18
build,18
grid,18
aware,18
focus,18
officer,18
brad,18
different,18
urgent,18
ttc,18
spot,18
nsf,18
diana,17
school,17
coordinator,17
tape,17
deadline,17
board,17
industry,17
strip,17
screen,17
powerex,17
hello,17
chang,17
aep,17
steiner,17
recognize,17
solution,17
pager,17
kourtney,17
sierra,17
tba,17
matter,17
intern,17
megawatt,17
center,17
street,17
washington,17
challenge,17
asp,17
bland,17
calpine,17
darrin,17
lp,17
love,16
maybe,16
cool,16
lot,16
password,16
live,16
welcome,16
gray,16
dinner,16
guess,16
act,16
porter,16
cause,16
contain,16
swap,16
operating,16
ability,16
least,16
priority,16
purpose,16
related,16
wrong,16
dunton,16
mallory,16
neil,16
curve,16
difference,16
anna,16
ready,16
release,16
harbgn,16
imceanotes,16
originally,16
cali,16
family,16
box,16
verde,16
suggest,16
lead,16
competitive,16
longer,16
lose,16
judge,16
quick,16
employment,16
augol,16
hyde,16
crystal,16
branch,16
sep,16
hcs,16
darin,16
project,15
wbom,15
enrononline,15
nothing,15
assessment,15
internet,15
size,15
summary,15
negotiation,15
steven,15
consider,15
comnes,15
balance,15
recently,15
region,15
rd,15
chance,15
quarter,15
revenue,15
billion,15
legal,15
scheduler,15
production,15
index,15
choice,15
necessary,15
paste,15
bom,15
f,15
full,15
penalty,15
properly,15
eric,15
brian,15
affiliate,15
primary,15
suggestion,15
blackout,15
potential,15
cox,15
enough,15
mailbox,15
standard,15
entity,15
metoyer,15
wolf,15
treat,15
applicable,15
cache,15
hotmail,15
tristan,15
greenroom,15
exit,15
williamson,15
campaign,15
lnl,15
filename,15
ectstca,15
stuff,14
jesse,14
rule,14
trip,14
enjoy,14
calculation,14
voice,14
present,14
hesitate,14
although,14
backup,14
asset,14
impact,14
finance,14
counterparties,14
excess,14
middle,14
basic,14
white,14
else,14
bottom,14
damage,14
highlight,14
apply,14
wish,14
personal,14
special,14
research,14
obligation,14
isas,14
tranny,14
coordinate,14
behalf,14
tariff,14
wwp,14
apx,14
extend,14
flag,14
curtailment,14
remove,14
jul,14
gift,14
participate,14
transalta,14
usd,14
liability,14
throughout,14
face,14
advance,14
ken,14
eb,14
development,14
poston,14
melissa,14
effect,14
delete,14
ceo,14
publish,14
importance,14
sit,14
harassment,14
sdg,14
spokesman,14
unavailable,14
zone,14
folder,14
methodology,14
rt,14
accord,14
ng,14
stephanie,13
earlier,13
richter,13
drink,13
congestion,13
whatever,13
january,13
leaf,13
rather,13
owe,13
richard,13
prepare,13
overall,13
z,13
consumer,13
accounting,13
excel,13
invoice,13
closely,13
fast,13
separate,13
previously,13
specifically,13
organization,13
billing,13
discrepancy,13
fsp,13
complaint,13
leader,13
grow,13
samantha,13
relationship,13
floor,13
var,13
software,13
speed,13
proxy,13
clarify,13
nelson,13
documentation,13
approve,13
pac,13
wapa,13
jun,13
johnson,13
respective,13
network,13
turbine,13
specific,13
folsom,13
meantime,13
survey,13
operational,13
surface,13
itcapps,13
srrs,13
auth,13
emaillink,13
sacramento,13
leslie,13
gang,13
light,13
beach,13
own,13
capability,13
isc,13
heat,13
fair,13
fallback,13
recipient,13
dl,13
warner,13
sept,13
advisor,13
disclosure,13
flu,13
yeah,12
gain,12
kind,12
finish,12
basically,12
choose,12
ncpa,12
especially,12
along,12
dean,12
joe,12
duty,12
presentation,12
ray,12
therefore,12
relate,12
fundamental,12
knowledge,12
thresa,12
matt,12
hydro,12
fuel,12
shape,12
transfer,12
james,12
confidential,12
linder,12
driscoll,12
understanding,12
offset,12
track,12
personnel,12
hr,12
initial,12
communicate,12
represent,12
unless,12
frontier,12
description,12
thought,12
material,12
encourage,12
dollar,12
count,12
volunteer,12
availability,12
career,12
local,12
edward,12
pacificorp,12
stewart,12
assume,12
expand,12
difficulty,12
discus,12
telephone,12
east,12
route,12
mention,12
byron,12
corner,12
login,12
bike,12
mile,12
utilize,12
url,12
filing,12
insert,12
color,12
political,12
declan,12
empty,12
lousiana,12
plv,12
figure,11
grant,11
town,11
memory,11
na,11
tonight,11
calger,11
specify,11
resale,11
wesco,11
pass,11
vacation,11
payback,11
multiple,11
subcommittee,11
cascade,11
march,11
seek,11
low,11
average,11
distribute,11
actual,11
pricing,11
forget,11
major,11
moment,11
harasin,11
swerzbin,11
mistake,11
replacement,11
wed,11
obtain,11
clearing,11
clickathome,11
proposal,11
carmine,11
pdt,11
explorer,11
immediately,11
stand,11
drop,11
possibly,11
ed,11
provider,11
jerry,11
authority,11
master,11
finally,11
relief,11
sphl,11
ellingson,11
hoc,11
recovery,11
critical,11
prevent,11
significant,11
wide,11
stacy,11
marginal,11
building,11
settle,11
relatively,11
chatterton,11
woertz,11
san,11
supervisor,11
none,11
pete,11
breakfast,11
success,11
nd,11
woman,11
thru,11
brunin,11
bloomfield,11
pilot,11
engineer,11
scel,11
ectstnw,11
anyhow,10
fun,10
extra,10
listen,10
saw,10
sean,10
bryson,10
ha,10
busy,10
safety,10
everything,10
format,10
incur,10
republican,10
range,10
assistant,10
arrangement,10
monitor,10
coverage,10
excellent,10
study,10
initiate,10
mirant,10
la,10
spend,10
force,10
reyes,10
wait,10
salisbury,10
psco,10
approach,10
mitigate,10
timely,10
hard,10
avoid,10
stca,10
tilghman,10
suppose,10
msn,10
pleased,10
alpha,10
pagenet,10
icon,10
concert,10
feature,10
vs,10
receipt,10
dempsey,10
revision,10
prevailing,10
flood,10
goal,10
powermatch,10
liquidate,10
acknowledge,10
agenda,10
demetrios,10
hand,10
measure,10
air,10
professional,10
xms,10
international,10
former,10
preference,10
reliability,10
parallel,10
deny,10
keith,10
brendan,10
jay,10
food,10
invite,10
true,10
buying,10
ex,10
ees,10
terminal,10
life,10
february,10
electrical,10
anticipate,10
composite,10
yoder,10
christian,10
jake,10
prc,10
winter,10
league,10
loon,10
attglobal,10
pwx,10
mier,10
creditworthiness,10
rsausa,10
bps,10
worry,9
step,9
bit,9
cross,9
self,9
felt,9
usually,9
vega,9
holiday,9
break,9
pas,9
administrative,9
attachment,9
outline,9
roger,9
december,9
dispatcher,9
davidson,9
identify,9
mara,9
target,9
useful,9
solve,9
graduate,9
casey,9
quickly,9
text,9
dan,9
trust,9
hot,9
asap,9
consistent,9
derivative,9
hedge,9
package,9
common,9
maximum,9
host,9
dow,9
monthly,9
computer,9
feb,9
posting,9
hoffman,9
dittl,9
ever,9
jr,9
cogen,9
decline,9
handle,9
ecom,9
glatz,9
jazzfest,9
proceed,9
holding,9
payment,9
t,9
register,9
university,9
worker,9
corporate,9
advantage,9
extension,9
leadership,9
strictly,9
fotiou,9
underwood,9
sue,9
reasonable,9
promote,9
regulatory,9
situation,9
discount,9
wonder,9
cancel,9
added,9
runswick,9
wacm,9
season,9
plus,9
jerald,9
thus,9
kuehn,9
grab,9
malowney,9
big,9
ago,9
wtc,9
bunch,9
twice,9
man,9
girl,9
nice,9
salmon,9
edu,9
hrly,9
populate,9
aggregate,9
reject,9
rawson,9
near,9
video,9
oom,9
hidalgo,9
coi,9
samuel,9
organize,9
court,9
canfield,9
ethic,9
wiredmag,9
ectpdx,9
coffee,8
weekly,8
enable,8
coordination,8
senior,8
mime,8
calendar,8
ann,8
burn,8
rep,8
united,8
among,8
outside,8
similar,8
gather,8
resolution,8
five,8
criterion,8
motley,8
evidence,8
srp,8
rise,8
percent,8
forecast,8
disclose,8
checkout,8
notebook,8
rainy,8
sometimes,8
task,8
platter,8
border,8
flash,8
third,8
suite,8
entertainment,8
commitment,8
accordingly,8
importantly,8
hop,8
community,8
contribution,8
american,8
donation,8
earn,8
weather,8
donna,8
incentive,8
reduction,8
sufficient,8
r,8
careful,8
enterprise,8
single,8
tap,8
simply,8
car,8
rick,8
story,8
murphy,8
property,8
bruce,8
jeffrey,8
pdci,8
finalize,8
myreq,8
length,8
likely,8
capture,8
decremental,8
collect,8
brother,8
relevant,8
rosman,8
ppt,8
vp,8
reconciliation,8
negative,8
automatically,8
denial,8
bat,8
assure,8
tully,8
penny,8
alhambra,8
px,8
attack,8
player,8
perrino,8
delta,8
voltage,8
government,8
pr,8
lend,8
win,8
bankruptcy,8
incident,8
beep,8
kaplan,8
commute,8
xx,8
pwc,8
julie,8
module,8
beer,7
crandall,7
alonso,7
stokley,7
hang,7
sponsor,7
fare,7
council,7
representative,7
content,7
william,7
introduce,7
aid,7
additionally,7
exceed,7
transportation,7
danielle,7
external,7
mode,7
accuracy,7
orient,7
assignment,7
curtail,7
minimize,7
acceptable,7
exposure,7
technology,7
motivate,7
verify,7
jason,7
display,7
thu,7
allegation,7
lng,7
lee,7
powerx,7
achieve,7
clarification,7
sometime,7
improve,7
often,7
resupply,7
consult,7
conversation,7
pnm,7
touch,7
commercial,7
approximately,7
terry,7
psu,7
carp,7
omw,7
familiar,7
scope,7
ii,7
wall,7
dun,7
pse,7
smtp,7
merchant,7
opinion,7
willing,7
workspace,7
piwetz,7
aspect,7
prohibit,7
mechanism,7
impose,7
commerce,7
suffer,7
hearing,7
comply,7
thereafter,7
ose,7
domestic,7
sense,7
launch,7
broadband,7
ebs,7
debt,7
unfortunately,7
steam,7
refer,7
space,7
da,7
mgmt,7
bus,7
heard,7
philippe,7
regulation,7
forth,7
downstream,7
dpr,7
explanation,7
sheppard,7
violation,7
intl,7
entered,7
baby,7
hill,7
history,7
discrimination,7
lower,7
dial,7
submittal,7
assess,7
clock,7
mollie,7
quantity,7
sandy,7
debit,7
wwwl,7
html,7
elsie,7
gilbert,7
scotty,7
mcp,7
scrimmage,7
benik,7
dergevorgian,7
sum,7
beyond,7
adder,7
walk,7
lester,7
whouly,7
worksheet,7
cp,7
dakota,7
tualatin,7
brazil,7
temporary,7
degree,7
traci,7
outdoor,7
witcosky,7
fichera,7
affair,7
hansen,7
negotiationskills,7
conduct,7
dwr,7
exec,7
remarketed,7
devers,7
pgel,7
nahou,7
trdts,7
ride,6
music,6
awesome,6
blow,6
fischer,6
choi,6
numerous,6
wine,6
bar,6
spread,6
br,6
phase,6
heizenrader,6
ph,6
national,6
fred,6
facility,6
health,6
medical,6
six,6
utah,6
announcement,6
xl,6
memo,6
absence,6
assert,6
correctly,6
origination,6
integrity,6
interruption,6
bilateral,6
bachelor,6
app,6
helpful,6
summarize,6
blue,6
selection,6
californian,6
secretary,6
declare,6
seattle,6
industrial,6
roll,6
excite,6
paper,6
towards,6
almost,6
cent,6
trouble,6
formula,6
gentleman,6
various,6
language,6
double,6
fixed,6
volatility,6
bookout,6
phil,6
ditt,6
jean,6
incorrect,6
ford,6
htm,6
rmr,6
mglatz,6
minimum,6
threshold,6
amfor,6
disregard,6
confirms,6
compile,6
investigate,6
ts,6
anc,6
svc,6
reassign,6
vote,6
indoor,6
championship,6
proof,6
llc,6
fly,6
topic,6
smholden,6
adopt,6
comprehensive,6
simple,6
strategic,6
mr,6
departure,6
vice,6
pop,6
except,6
wrap,6
template,6
compare,6
evaluation,6
honest,6
front,6
dynegy,6
nmppenergy,6
argument,6
sepol,6
bluemountain,6
giftcenter,6
transition,6
marketer,6
lunch,6
upstream,6
heo,6
lady,6
evening,6
passcode,6
correction,6
christopher,6
shall,6
perhaps,6
int,6
flight,6
sos,6
beth,6
tradespark,6
push,6
beautiful,6
jump,6
colleen,6
treatment,6
replace,6
tried,6
enronr,6
catch,6
specification,6
gustafson,6
tour,6
warn,6
neill,6
axford,6
kathryn,6
perry,6
rsvp,6
block,6
okay,6
huntington,6
fox,6
disk,6
edit,6
restart,6
alhibklb,6
evidentiary,6
propose,6
variable,6
batch,6
messenger,6
apparently,6
guillaume,6
economics,6
aevanloon,6
kwitcosky,6
portlanddev,6
yoshida,6
mrbndahaus,6
aol,6
jwilliamson,6
baughpdx,6
jacobf,6
hapdx,6
zottermj,6
bvargo,6
koin,6
kmurray,6
responsys,6
pws,6
fabl,6
siltronic,6
mcdowel,6
repair,6
gen,6
overhead,6
underground,6
merriss,6
oos,6
proceeding,6
connell,6
willamette,6
handset,6
warren,6
powell,6
brochaus,6
eligible,6
loadshapes,6
katie,6
arsystem,6
underscheduling,6
kv,6
databases,6
coo,6
switch,5
secure,5
transact,5
romantic,5
watch,5
ate,5
bye,5
social,5
quarterly,5
reimbursement,5
remind,5
tel,5
inconvenience,5
natural,5
cdt,5
apr,5
dm,5
spending,5
lake,5
complex,5
sap,5
organizational,5
article,5
oppose,5
fund,5
preserve,5
profitable,5
capable,5
administer,5
preparation,5
visual,5
rebecca,5
meal,5
beef,5
elol,5
et,5
meant,5
kimberly,5
promise,5
forest,5
causholli,5
horizon,5
practical,5
discipline,5
insight,5
reward,5
sub,5
lavorato,5
valuation,5
mehrer,5
kpeterso,5
facilitate,5
demonstrate,5
chat,5
briefly,5
fitness,5
helen,5
manner,5
bug,5
finger,5
meyer,5
noon,5
timing,5
serious,5
luck,5
billy,5
interval,5
justification,5
cocke,5
k,5
respect,5
confusion,5
gac,5
active,5
insure,5
seat,5
mcdonald,5
brown,5
max,5
names,5
pandol,5
shasta,5
wsengy,5
spent,5
retain,5
foot,5
stress,5
sink,5
bharsh,5
valuable,5
minor,5
refid,5
aggr,5
financ,5
solely,5
successor,5
harmless,5
therefrom,5
airport,5
concerned,5
failure,5
rely,5
contribute,5
fully,5
reliable,5
george,5
thomas,5
india,5
partner,5
andy,5
conagra,5
ld,5
pl,5
confer,5
archive,5
usual,5
quite,5
donald,5
logistics,5
convey,5
element,5
condo,5
turret,5
lynn,5
idahopower,5
theresa,5
profile,5
curtis,5
nikki,5
ipco,5
bi,5
lawyer,5
doubt,5
definition,5
bidding,5
rachel,5
sic,5
utilized,5
aircraft,5
smoke,5
duration,5
automatic,5
rl,5
electronic,5
calgary,5
europe,5
incorrectly,5
hair,5
sender,5
neither,5
los,5
angeles,5
olkjer,5
pending,5
art,5
circumstance,5
preschedules,5
preschedulers,5
arise,5
crucial,5
impression,5
lca,5
fight,5
selling,5
half,5
divide,5
factor,5
print,5
zeroed,5
consideration,5
exactly,5
garden,5
shop,5
poor,5
particular,5
tracy,5
sport,5
disagree,5
tswg,5
onto,5
intra,5
sa,5
sheidun,5
conclude,5
following,5
hell,5
row,5
southern,5
incremental,5
functionality,5
grey,5
york,5
confidence,5
berrie,5
kit,5
normal,5
clone,5
procure,5
mumm,5
bishop,5
serena,5
sheila,5
heathman,5
bee,5
shortly,5
jacob,5
inconsistency,5
roomer,5
bil,5
vargo,5
connor,5
flint,5
zotter,5
halstead,5
stibolt,5
martin,5
mcdowell,5
mackay,5
knox,5
terminate,5
walker,5
bdgevorgian,5
halsteadr,5
turnstone,5
onemain,5
mstibolt,5
acg,5
highway,5
incoming,5
iep,5
requester,5
strategist,5
audio,5
lars,5
birthday,5
scully,5
arco,5
eriksson,5
fredrik,5
gary,5
sched,5
etringer,4
kinda,4
pressure,4
left,4
dog,4
mine,4
sweet,4
completely,4
bet,4
wilson,4
guideline,4
zp,4
guys,4
payroll,4
conversion,4
roughly,4
ingersoll,4
interface,4
publication,4
compliant,4
mailer,4
administrator,4
pdf,4
invitation,4
lpm,4
appointment,4
bridge,4
cohen,4
questionnaire,4
workshop,4
pinnacle,4
michelle,4
bush,4
gop,4
income,4
salt,4
attendance,4
reporting,4
brief,4
timekeeping,4
efficient,4
successful,4
environment,4
essential,4
alvarez,4
bonneville,4
manipulate,4
ownership,4
signal,4
interfacing,4
derations,4
qualification,4
extraction,4
corry,4
outstanding,4
filter,4
extract,4
subtotal,4
fishman,4
ladwp,4
accuse,4
shortage,4
eim,4
pulp,4
outlook,4
picture,4
talent,4
badeer,4
dietrich,4
bookouts,4
interpret,4
embed,4
favorable,4
premium,4
shame,4
necessarily,4
epec,4
positive,4
emily,4
regular,4
paycheck,4
shoot,4
notebooks,4
apologize,4
slightly,4
kill,4
mexico,4
quote,4
aquilla,4
crazy,4
oasispostings,4
bpat,4
ckalmeida,4
recover,4
football,4
twenty,4
viking,4
combine,4
whenever,4
applies,4
chloride,4
construct,4
automate,4
incorporate,4
aka,4
roach,4
texas,4
red,4
victim,4
ext,4
union,4
mo,4
ie,4
pool,4
ignore,4
ron,4
interim,4
eastern,4
interconnection,4
greeting,4
rebate,4
elafandi,4
verifiable,4
dc,4
threat,4
extensive,4
strongly,4
sincerely,4
quality,4
doug,4
innovative,4
ibuyit,4
portal,4
refundable,4
hannon,4
espeak,4
egas,4
rice,4
engineering,4
completion,4
male,4
map,4
discretion,4
kim,4
vancouver,4
nm,4
wayne,4
cherry,4
tags,4
proper,4
election,4
restriction,4
rto,4
graph,4
odd,4
pro,4
generally,4
portfolio,4
justify,4
confidentiality,4
ipc,4
learning,4
pp,4
workable,4
ring,4
comfortable,4
footnote,4
tab,4
downtown,4
terminology,4
detailed,4
interoffice,4
increasingly,4
intensive,4
auto,4
agent,4
cb,4
arrive,4
series,4
dy,4
king,4
carry,4
london,4
explore,4
cheer,4
definitely,4
nancy,4
sam,4
timber,4
modification,4
rev,4
bottle,4
reverse,4
tatiana,4
prompt,4
privilege,4
parameter,4
newswires,4
bay,4
men,4
diego,4
producer,4
glenn,4
medium,4
behavior,4
deregulation,4
expost,4
reliant,4
used,4
phillip,4
versus,4
submission,4
cite,4
kerri,4
majority,4
deferred,4
surround,4
convert,4
intranet,4
attendee,4
fresh,4
alot,4
buck,4
voicemail,4
bates,4
erin,4
bcus,4
pregunta,4
statue,4
elliot,4
jonalan,4
parquet,4
mezzanine,4
promotion,4
usage,4
ten,4
possibility,4
search,4
sandra,4
round,4
connection,4
surprise,4
estimate,4
vital,4
pa,4
omelet,4
tv,4
flame,4
hospital,4
hundred,4
multiply,4
recalculate,4
recall,4
outflow,4
les,4
interdesk,4
lately,4
stream,4
phys,4
scheme,4
dialog,4
district,4
kerr,4
recruit,4
ferry,4
wood,4
blatchford,4
signature,4
baertlein,4
pinw,4
pplm,4
walton,4
whoever,4
blair,4
purcell,4
certificate,4
happens,4
switchgear,4
elsewhere,4
draw,4
nicholas,4
counsel,4
capitol,4
reporter,4
nearly,4
matrix,4
pump,4
lv,4
refresh,4
schott,4
roomy,4
contingency,4
refuse,4
critic,4
whose,4
cleveland,4
biddy,4
copyright,4
bond,4
pitch,4
griffin,4
sever,4
advice,4
douglas,4
tepc,4
coronado,4
loadshape,4
intel,4
tnsc,4
eei,4
workplace,4
cindy,4
dolores,4
college,4
independence,4
vt,4
nike,4
turnston,4
teleport,4
mackayje,4
kick,4
overview,4
road,4
rat,4
thegrid,4
opsdoc,4
procctrldesk,4
waiver,4
smutny,4
association,4
cpuc,4
nexus,4
rival,4
sole,4
riordan,4
unnecessarily,4
theaker,4
authorized,4
wsccnet,4
acceptance,4
coffing,4
locally,4
louisiana,4
rockies,4
acumen,4
prihoda,4
ausenhus,4
kara,4
fcornr,4
psuedo,4
intrchnge,4
purch,4
destroy,3
worth,3
caroline,3
emmert,3
cleanup,3
ease,3
weight,3
admit,3
forgot,3
awake,3
wan,3
outing,3
thoroughly,3
responsibly,3
soft,3
cooperation,3
pathl,3
tax,3
drug,3
reschedule,3
everyday,3
fx,3
em,3
pegasus,3
byte,3
lorraine,3
barton,3
improvement,3
democrat,3
temporarily,3
dependent,3
dental,3
vision,3
student,3
minimal,3
periodically,3
microsoft,3
pace,3
concurrent,3
strong,3
objective,3
allocate,3
americas,3
accrue,3
pure,3
deploy,3
budget,3
essentially,3
oati,3
stacey,3
menu,3
veggie,3
fwd,3
renewable,3
carroll,3
bradley,3
andrea,3
violate,3
civil,3
consist,3
investigation,3
metal,3
commodity,3
offering,3
bullish,3
span,3
vast,3
surge,3
carter,3
kelly,3
newsletter,3
enhance,3
interviewer,3
timer,3
pspl,3
confident,3
characteristic,3
exploit,3
earnings,3
implication,3
ups,3
clean,3
kitchen,3
coming,3
rough,3
roof,3
similarly,3
catherine,3
execute,3
updated,3
butler,3
enrollment,3
upcoming,3
jealous,3
sun,3
golf,3
daniel,3
inter,3
laura,3
prepared,3
oc,3
pep,3
straddle,3
accommodate,3
monika,3
god,3
stanley,3
bpap,3
egov,3
portion,3
contingent,3
refusal,3
intimate,3
kyrene,3
piece,3
regardless,3
tube,3
contractor,3
azps,3
increment,3
subclass,3
ceiling,3
preconfirmed,3
req,3
queue,3
rust,3
registry,3
eintracht,3
rowdy,3
stick,3
loose,3
storm,3
rain,3
annual,3
devastate,3
immediate,3
hotline,3
consistently,3
eventually,3
constraint,3
supp,3
barry,3
pose,3
deficiencies,3
wireless,3
hebert,3
conservation,3
ne,3
economic,3
extent,3
method,3
retail,3
certify,3
individually,3
purchaser,3
shareholder,3
approved,3
coach,3
rental,3
rent,3
canada,3
insurance,3
elaborate,3
exception,3
fallon,3
principal,3
equity,3
core,3
leverage,3
unique,3
delainey,3
consolidate,3
hafslund,3
percentage,3
hundl,3
preliminary,3
robinson,3
clue,3
unclear,3
lucky,3
insider,3
door,3
lobby,3
escrow,3
mgr,3
richardson,3
bchydro,3
cargill,3
gregg,3
tnsk,3
ward,3
young,3
accomplish,3
easier,3
specialist,3
newly,3
caption,3
meter,3
heavy,3
brooklyn,3
absolutely,3
exhaust,3
mass,3
intelligence,3
celilo,3
scheduled,3
await,3
define,3
addressed,3
snpd,3
pacw,3
cellular,3
epelectric,3
liquidation,3
merris,3
opposite,3
honor,3
sarah,3
cancellation,3
strict,3
waste,3
technique,3
restrict,3
cr,3
anywhere,3
gon,3
subsequent,3
integrated,3
etkt,3
airline,3
sacramen,3
owner,3
arrival,3
evaluate,3
brenda,3
successfully,3
ew,3
smud,3
cdwr,3
anyway,3
reading,3
szatkiewicz,3
timothy,3
randall,3
extremely,3
square,3
lil,3
buddy,3
scene,3
lack,3
ya,3
spoken,3
audit,3
greatly,3
employer,3
conclusion,3
upload,3
grievance,3
lawmaker,3
racial,3
publicly,3
testify,3
stake,3
struggle,3
pursue,3
aside,3
formal,3
sick,3
endure,3
decided,3
minority,3
female,3
black,3
prospect,3
dowjones,3
uncomfortable,3
respectively,3
clearly,3
counter,3
reciprocate,3
express,3
spp,3
cdarrin,3
fpresto,3
rsd,3
eedu,3
kev,3
enronc,3
modify,3
myrna,3
neeley,3
mneeley,3
central,3
fit,3
tfs,3
cumbersome,3
instant,3
designation,3
store,3
checked,3
overload,3
designate,3
liquidated,3
holli,3
hole,3
upset,3
chocolate,3
heaven,3
rock,3
guide,3
kid,3
eat,3
fancy,3
villeggiante,3
dypmi,3
suspicious,3
lienemann,3
prescheduling,3
palace,3
patience,3
lew,3
godfrey,3
broadway,3
permit,3
las,3
mainzer,3
unlawful,3
retaliation,3
mostly,3
smile,3
fundraiser,3
voucher,3
deem,3
effectively,3
confirmit,3
category,3
partly,3
ginger,3
seitles,3
bos,3
um,3
hopefully,3
ran,3
somebody,3
rush,3
truth,3
friendship,3
mom,3
seriously,3
lie,3
vinson,3
rehear,3
appropriately,3
ham,3
cook,3
grill,3
egg,3
straight,3
height,3
arm,3
blaze,3
alarm,3
sar,3
investor,3
limited,3
bear,3
exclude,3
edison,3
saguaro,3
weak,3
lateral,3
parent,3
midc,3
afterwards,3
changed,3
duplicate,3
sorting,3
variation,3
bite,3
tweak,3
ponder,3
surely,3
northern,3
reset,3
nevada,3
county,3
veteran,3
unlike,3
governmental,3
planning,3
higher,3
economy,3
liqrec,3
limitation,3
episcopal,3
physically,3
eugene,3
bcha,3
fossil,3
nuclear,3
equipment,3
protection,3
copied,3
gelder,3
cavanaugh,3
darren,3
tnob,3
gford,3
nove,3
pizza,3
army,3
oscar,3
aide,3
lump,3
ea,3
anticipated,3
expenditure,3
rgds,3
greenlee,3
profiteer,3
entitle,3
writer,3
baum,3
ratepayer,3
hwy,3
biddys,3
tory,3
hoff,3
cable,3
termination,3
mcfadden,3
firing,3
goode,3
ferreira,3
politics,3
ethical,3
montague,3
talked,3
cor,3
clark,3
registration,3
frost,3
human,3
valve,3
renew,3
productive,3
promptly,3
tosio,3
intertie,3
unusual,3
wsu,3
maria,3
houten,3
univ,3
oes,3
background,3
scholls,3
stability,3
gibson,3
main,3
feasible,3
neutrality,3
neutral,3
allocation,3
rerun,3
allowance,3
mccorkle,3
transformer,3
frequency,3
hertz,3
voluntary,3
dintelman,3
identical,3
regret,3
remainder,3
inquire,3
ronan,3
nguyen,3
carol,3
backoffice,3
stack,3
hyatt,3
directory,3
ltd,3
voter,3
race,3
revelation,3
controversy,3
defense,3
omaha,3
drp,3
stakeholder,3
mailman,3
prize,3
bicycle,3
fuller,3
dale,3
rasmussen,3
circuit,3
thereby,3
casc,3
geiv,3
implicit,3
westreal,3
powrschdiarchive,3
powrschdi,3
myaccoun,3
ln,3
esteem,3
magazine,3
copper,3
messaging,3
hereto,3
bind,3
enforceable,3
estoppel,3
kal,3
design,3
stollerinc,3
stoller,3
behind,3
oasa,3
sylvan,3
remarket,3
certification,3
berti,3
vicken,3
kasarjian,3
perspective,3
confriming,3
scroll,3
cynthia,3
ctpy,3
howdy,3
cpe,3
gamma,3
rance,3
ssn,3
blazer,3
echl,3
hurry,2
spare,2
yard,2
lawn,2
snowboard,2
adm,2
sensitive,2
helpdesk,2
slow,2
song,2
glad,2
terrible,2
ah,2
image,2
orange,2
country,2
funny,2
anyways,2
conscious,2
scar,2
bum,2
blast,2
crack,2
professionally,2
beverage,2
taxi,2
jeopardy,2
exercise,2
maiser,2
wisrrpte,2
recording,2
trick,2
berkeley,2
lab,2
trial,2
fighting,2
fisher,2
carefully,2
enroll,2
sattler,2
lmw,2
pinnaclewest,2
legislation,2
constrain,2
democratic,2
criticism,2
handful,2
amendment,2
environmental,2
incurred,2
flexible,2
suit,2
dt,2
gardner,2
slc,2
xls,2
accommodation,2
powerpoint,2
posse,2
spell,2
pc,2
beneficial,2
supervision,2
java,2
dude,2
cd,2
gfergus,2
brobeck,2
oliver,2
invest,2
deffner,2
unchanged,2
internally,2
bentley,2
duong,2
luu,2
analyze,2
westin,2
meat,2
ronald,2
watkiss,2
boundary,2
unnamed,2
respondent,2
fpa,2
punitive,2
compel,2
tony,2
scooter,2
beaverton,2
bulletin,2
steel,2
allan,2
globe,2
egm,2
janelle,2
judy,2
taylor,2
christine,2
sullivan,2
jennifer,2
proprietary,2
managing,2
overwhelm,2
ahoy,2
sing,2
ems,2
cst,2
kelley,2
thurs,2
attending,2
paradigm,2
emphasis,2
seminar,2
formulate,2
solid,2
storage,2
locational,2
customize,2
concept,2
port,2
louise,2
gorny,2
vladimir,2
correlation,2
ltnw,2
wierd,2
blend,2
wright,2
rectify,2
attribute,2
succeed,2
consensus,2
mill,2
deposit,2
rad,2
amazing,2
totally,2
hee,2
random,2
delay,2
column,2
closer,2
mystery,2
lorie,2
buchanan,2
shepard,2
arnold,2
mcneil,2
keister,2
oatt,2
arizona,2
chair,2
esc,2
florida,2
restaurant,2
congratulate,2
kalmeida,2
pursuant,2
tosco,2
initially,2
subsequently,2
gcpd,2
d,2
coasispostings,2
etransmission,2
ebpa,2
claudia,2
pauley,2
goodin,2
sra,2
mobile,2
neglect,2
qf,2
donovan,2
rosebud,2
spoke,2
bought,2
resold,2
stool,2
fest,2
lorber,2
spyro,2
gyra,2
marc,2
antoine,2
headline,2
koz,2
culbertson,2
norman,2
setting,2
amphitheatre,2
amenity,2
willamet,2
lift,2
chemistry,2
chmielewski,2
wisdom,2
edannhaus,2
condenser,2
indication,2
tower,2
drainage,2
ditch,2
distance,2
easement,2
interference,2
nevp,2
referencing,2
impossible,2
manually,2
ppw,2
osc,2
timezone,2
subgroup,2
thunder,2
tropical,2
allison,2
inch,2
die,2
chad,2
forthcoming,2
donate,2
matching,2
severely,2
displace,2
heart,2
frank,2
dalia,2
minal,2
leshinski,2
timeliners,2
bot,2
candr,2
responses,2
alcandr,2
agc,2
deficiency,2
tauzin,2
unnecessary,2
rigid,2
curt,2
drought,2
growth,2
urge,2
enforce,2
danger,2
discourage,2
parity,2
foregone,2
regional,2
lewis,2
calvert,2
stephen,2
discretionary,2
typically,2
lodge,2
worldwide,2
protect,2
edge,2
hughes,2
traditional,2
private,2
whalley,2
fastow,2
dual,2
compelling,2
somewhere,2
examine,2
alternate,2
elimination,2
gap,2
scale,2
cason,2
sharen,2
habit,2
fairly,2
amador,2
preferreds,2
migrate,2
fortune,2
roosevelt,2
atchley,2
lengthy,2
bepc,2
csu,2
er,2
lac,2
losalamos,2
oppd,2
dick,2
lori,2
marzena,2
pplmt,2
karen,2
tristategt,2
cliff,2
tagging,2
decrease,2
ainsley,2
ap,2
regulator,2
worried,2
supplier,2
threaten,2
interconnect,2
epme,2
couch,2
nope,2
ton,2
fourth,2
disappointed,2
resign,2
converter,2
comprise,2
midnight,2
auction,2
socal,2
gate,2
vary,2
convene,2
sys,2
burke,2
columbia,2
bridgeport,2
goodday,2
captain,2
bust,2
bout,2
dtf,2
cashell,2
mindful,2
nicolay,2
cave,2
aa,2
lwas,2
vol,2
standpoint,2
particularly,2
convenient,2
accessible,2
decent,2
relay,2
reputation,2
employ,2
chemical,2
refine,2
manufacture,2
processing,2
luncheon,2
expire,2
brett,2
resupplied,2
exact,2
guernsey,2
chen,2
friendly,2
rcpt,2
depart,2
alaska,2
qx,2
fokker,2
fellowship,2
unl,2
mi,2
zl,2
usdl,2
metro,2
apt,2
miscellaneous,2
tx,2
cnldbt,2
tvlrs,2
wallet,2
collection,2
frequently,2
photo,2
tick,2
roundtrip,2
controller,2
peggy,2
fulfill,2
herod,2
apollo,2
ews,2
infrastructure,2
actively,2
strengthen,2
alive,2
suprised,2
thin,2
spanish,2
keg,2
staneff,2
matthew,2
breuer,2
nicholson,2
hroncich,2
mcguire,2
junker,2
behunin,2
abigail,2
jarman,2
parry,2
tseng,2
maloney,2
hess,2
billa,2
roberto,2
dramatic,2
rare,2
uncertainty,2
tease,2
imagine,2
deep,2
paragraph,2
sooo,2
hahaha,2
jpg,2
stalk,2
resident,2
insist,2
mmmm,2
bed,2
plane,2
kindly,2
endorse,2
mar,2
object,2
adodb,2
ax,2
grind,2
whistleblower,2
leopold,2
msg,2
tight,2
reveal,2
dissatisfaction,2
acquire,2
criminal,2
mechanic,2
alone,2
afford,2
qualify,2
qualified,2
hiring,2
labor,2
whistle,2
attorney,2
colleague,2
llh,2
assured,2
serrano,2
jamie,2
pipeline,2
curious,2
milestone,2
writing,2
shy,2
csv,2
slip,2
collaborative,2
adequacy,2
adequate,2
dstar,2
align,2
ra,2
compensation,2
paced,2
conditional,2
relieve,2
ass,2
library,2
foreign,2
currency,2
label,2
approver,2
statistical,2
recieves,2
burden,2
somehow,2
virgina,2
researched,2
tacomasupp,2
tacomapubuit,2
flaw,2
krebs,2
secret,2
berry,2
cannon,2
film,2
cartoon,2
kc,2
wild,2
mister,2
hike,2
horrible,2
plate,2
river,2
wa,2
hurt,2
snack,2
ta,2
onion,2
ball,2
honestly,2
spontaneous,2
sweetheart,2
stokely,2
excited,2
elizabeth,2
investigating,2
hate,2
huge,2
nature,2
tree,2
museum,2
implies,2
sf,2
improper,2
seeing,2
rfp,2
apparent,2
favor,2
cgy,2
wave,2
arrange,2
se,2
apartment,2
blackburn,2
jody,2
better,2
accountability,2
realms,2
aspects,2
corrective,2
supervisory,2
privacy,2
deborah,2
pdxpfe,2
holder,2
obviously,2
spinner,2
solv,2
olympics,2
soda,2
child,2
skim,2
epeol,2
redesign,2
gseitles,2
transcript,2
transcription,2
shit,2
wonderful,2
visitor,2
checkin,2
intention,2
girlfriend,2
thrill,2
sake,2
psycho,2
guard,2
false,2
differently,2
scout,2
father,2
weird,2
exclusive,2
dated,2
newspaper,2
donnie,2
grandmother,2
shut,2
pubinfo,2
extinguisher,2
propane,2
fear,2
toward,2
nobody,2
star,2
liquid,2
glance,2
throw,2
someday,2
horse,2
overcharge,2
substantiate,2
factual,2
herein,2
aforementioned,2
creditworthy,2
walkway,2
discard,2
leg,2
annutiy,2
upside,2
disadvantage,2
difficult,2
fault,2
jackie,2
pfe,2
prominent,2
foundation,2
weigh,2
easily,2
vish,2
exlude,2
lots,2
mis,2
matched,2
encouraging,2
corrupt,2
angle,2
versatile,2
useable,2
depend,2
collapsed,2
globals,2
expaning,2
checkbox,2
lighter,2
ground,2
preferable,2
beige,2
onukogu,2
ernest,2
sharp,2
expensive,2
diesel,2
chelan,2
maximize,2
thousand,2
cat,2
highly,2
jurisdiction,2
anybody,2
certainty,2
golden,2
gmt,2
working,2
caught,2
incapable,2
scs,2
architecture,2
traffic,2
specialize,2
mission,2
pcez,2
mossyuk,2
land,2
mdas,2
furthermore,2
skip,2
instructor,2
ct,2
pgn,2
morgan,2
cps,2
snoh,2
nf,2
compensate,2
docket,2
va,2
hilighted,2
proactively,2
rotation,2
warrant,2
uninstructed,2
repository,2
dad,2
rehearin,2
metropolitan,2
contest,2
winner,2
horton,2
racing,2
couret,2
stegall,2
regularly,2
bcpsol,2
reinstate,2
recruiting,2
chicken,2
press,2
dictionary,2
wagner,2
takeout,2
fletcher,2
bureau,2
feed,2
vl,2
cng,2
semicolon,2
pnob,2
commit,2
inadvertent,2
bottleneck,2
trid,2
inconsistent,2
varies,2
listening,2
munro,2
bernie,2
politically,2
overturn,2
arbitrary,2
capricious,2
ruling,2
spin,2
argue,2
kaufman,2
legitimate,2
windfall,2
steep,2
mou,2
costly,2
meanwhile,2
prime,2
leedom,2
entergy,2
farewell,2
sprint,2
nationwide,2
shari,2
avail,2
clash,2
rich,2
secrecy,2
quit,2
undermine,2
influential,2
sector,2
rescue,2
contend,2
reform,2
distinction,2
hastily,2
routine,2
jose,2
municipal,2
discover,2
barretto,2
defend,2
de,2
advisory,2
tep,2
svl,2
springerville,2
springer,2
chrisd,2
tucsonelectric,2
lozano,2
melba,2
meredith,2
proposed,2
cw,2
stcali,2
gcp,2
originator,2
scottkuehn,2
netmail,2
gig,2
headquarters,2
puchase,2
concentration,2
woodland,2
participating,2
colstrip,2
conceivably,2
executed,2
wtco,2
sylmar,2
scam,2
nigerian,2
bank,2
illegal,2
hick,2
prevention,2
excellence,2
eeo,2
inclusive,2
merit,2
contrary,2
respectful,2
expectation,2
occurs,2
muzzy,2
mrha,2
gaskill,2
lipshutz,2
cheryl,2
colpean,2
amanda,2
breese,2
mcgowan,2
jaime,2
paige,2
eckert,2
dress,2
warm,2
idiom,2
obscure,2
pretentious,2
circumlocution,2
whitney,2
madden,2
science,2
rodger,2
validate,2
puc,2
blessing,2
temperature,2
ongoing,2
actualization,2
invalid,2
kwh,2
unify,2
turnout,2
madison,2
paths,2
indicator,2
mwt,2
meridian,2
workaround,2
soup,2
learner,2
club,2
fajitas,2
festivity,2
brazee,2
consequential,2
remedy,2
breach,2
incidental,2
ter,2
borrows,2
explosion,2
station,2
stable,2
scenario,2
semi,2
corporation,2
nox,2
accordance,2
susie,2
mercury,2
gear,2
dorinson,2
blame,2
wheatley,2
ellen,2
buys,2
obs,2
stwh,2
mcquay,2
usf,2
iepa,2
ellery,2
cragg,2
carolyn,2
hatton,2
kebler,2
nistetter,2
kerner,2
duane,2
nelsen,2
wheless,2
eisenman,2
vaughn,2
jack,2
pigott,2
joann,2
buren,2
larrea,2
kent,2
palmerton,2
fillinger,2
marty,2
nam,2
hickok,2
pelote,2
ross,2
sadler,2
schleimer,2
hartman,2
scobee,2
hudson,2
munoz,2
moseley,2
mcmorrow,2
cec,2
cer,2
francisco,2
oversight,2
consulting,2
restore,2
scan,2
phony,2
defensive,2
lungren,2
maviglio,2
simon,2
wife,2
regency,2
imperial,2
ballroom,2
courtney,2
votaw,2
teleconferencing,2
teleconference,2
sao,2
paulo,2
buenos,2
aire,2
dubai,2
encounter,2
mountain,2
hawaiian,2
wear,2
expert,2
debtor,2
creditor,2
sokol,2
blosser,2
logo,2
basket,2
accessory,2
troubleshoot,2
compromise,2
shishido,2
ridden,2
ultimately,2
btheaker,2
teach,2
tech,2
adjourn,2
changer,2
oneself,2
understood,2
folk,2
advocate,2
unsplit,2
ridgely,2
guz,2
works,2
shah,2
contactenrononline,2
formation,2
propriety,2
desire,2
informed,2
existence,2
conclusive,2
approporate,2
kb,2
journaling,2
rotate,2
cominco,2
tue,2
stickbuilt,2
ballers,2
rlstone,2
forum,2
racheal,2
potentially,2
gpsd,2
gpsdsoccer,2
strasser,2
controllable,2
device,2
personally,2
m,2
ericia,2
entirely,2
boilerplate,2
sk,2
ti,2
adjusment,2
valid,2
indicating,2
segment,2
enormous,2
install,2
lit,2
beerdrinker,2
morality,2
choosy,2
steal,2
tycho,2
arcade,2
whomever,2
testp,2
crew,2
running,2
bound,2
printable,2
uploading,2
housekeep,2
mucho,2
headache,2
deletion,2
rumbling,2
atlantic,2
richfield,2
incs,2
inbox,2
rourke,2
clyatt,2
barnard,2
marla,2
corteselli,2
gina,2
davy,2
doucet,2
dawn,2
funkhouser,2
shanna,2
indivero,2
knudsen,2
mayes,2
melodick,2
parker,2
gilda,2
seleznov,2
skinner,2
slone,2
jeanie,2
trieschman,2
bba,2
babson,2
entrepreneurship,2
suspend,2
steamer,2
biggs,2
guarantee,2
moscow,2
kearney,2
jeanne,2
sol,2
dealer,2
digit,2
spouses,2
shield,2
buerkle,2
kane,2
darryl,2
nalluri,2
susmitha,2
slaughter,2
soderquist,2
larry,2
wente,2
dos,2
parse,2
elves,2
netco,2
haol,2
annoy,1
ja,1
flip,1
cooler,1
weed,1
wacked,1
herbs,1
boot,1
eh,1
clip,1
chill,1
alli,1
mcbeal,1
exciting,1
flustrated,1
angry,1
availablity,1
started,1
sunrise,1
pinkish,1
bally,1
stairmaster,1
retard,1
gym,1
lunge,1
tricep,1
meatheads,1
lame,1
anyhoo,1
ish,1
biggie,1
occupy,1
volleyball,1
fan,1
sponsored,1
edgefield,1
assisance,1
grandfather,1
congest,1
calpool,1
miscalculate,1
void,1
collector,1
sample,1
emsi,1
koomy,1
mmbtu,1
hartsoe,1
cmops,1
joint,1
guidance,1
emerson,1
thorough,1
mele,1
mitch,1
moulton,1
interviewing,1
biz,1
jonathan,1
koomey,1
phd,1
scientist,1
lawrence,1
determined,1
fingertip,1
pitfall,1
acquisition,1
handling,1
introduction,1
envelope,1
ury,1
reinforces,1
skills,1
interactive,1
collaboration,1
handy,1
mavroudis,1
pwmt,1
advised,1
congressional,1
splice,1
aim,1
funding,1
disaster,1
intensify,1
deliberation,1
circulate,1
relax,1
mothball,1
flexibility,1
cluster,1
uo,1
mba,1
compose,1
correspondence,1
sketchy,1
verbal,1
greet,1
retrieval,1
occasionally,1
switchboard,1
receptionist,1
secretarial,1
interpersonal,1
typing,1
proofreading,1
grammatical,1
juice,1
smash,1
pumkins,1
drown,1
whaz,1
pleasure,1
rcarroll,1
bracepatt,1
aes,1
caes,1
tp,1
velocity,1
originate,1
apart,1
rac,1
liquidity,1
optimize,1
quaintance,1
piss,1
aughhhhh,1
narsimha,1
misra,1
kayne,1
coulter,1
guido,1
govers,1
jacobson,1
invaluable,1
demo,1
ps,1
jp,1
gerald,1
drag,1
oritalia,1
pasta,1
entree,1
expat,1
tracey,1
aryeh,1
settanni,1
curry,1
multipart,1
mix,1
blde,1
thrown,1
principally,1
reservoir,1
nob,1
withhold,1
contrive,1
anti,1
vi,1
nafta,1
sensational,1
proffer,1
rant,1
spokane,1
avista,1
residential,1
unspecified,1
doe,1
tiff,1
iron,1
pushiest,1
entrant,1
revolutionize,1
coil,1
abitibi,1
siebel,1
tuned,1
creator,1
strand,1
appetite,1
cleaner,1
quadruple,1
projection,1
boost,1
russell,1
sylvia,1
sasha,1
divelbiss,1
quirsfeld,1
zhang,1
annette,1
donlevy,1
patterson,1
abler,1
magdalena,1
cruz,1
barbara,1
marvin,1
angel,1
tamariz,1
cassandra,1
dutton,1
camille,1
gerard,1
sherri,1
kathol,1
watson,1
batchelder,1
subsidiary,1
patiently,1
required,1
delayed,1
fairness,1
listing,1
logs,1
snohomish,1
slod,1
scl,1
dusputes,1
chack,1
booty,1
raw,1
tiger,1
amaze,1
impressive,1
jeremy,1
morris,1
tide,1
mermaid,1
sail,1
mellon,1
morton,1
context,1
arbitration,1
divergence,1
distortion,1
assemble,1
benchmark,1
devise,1
component,1
financing,1
alter,1
attain,1
fluency,1
collar,1
swing,1
comport,1
spit,1
interaction,1
fraction,1
reality,1
chew,1
largely,1
profitability,1
entrance,1
applying,1
balanced,1
intercontinental,1
mishap,1
programmer,1
possess,1
persistence,1
attitude,1
aptitude,1
adams,1
rusty,1
cascheduling,1
ehronline,1
motorcycle,1
shin,1
birdie,1
useless,1
interpretation,1
extended,1
mess,1
grueling,1
few,1
escape,1
fitting,1
namely,1
anymore,1
fri,1
sat,1
spruiell,1
tweaking,1
charles,1
bennett,1
ruth,1
haines,1
albequrque,1
statment,1
sceduleing,1
notag,1
anticpate,1
automation,1
leroy,1
ltr,1
noflow,1
cont,1
amrad,1
filling,1
granularity,1
reasoning,1
partially,1
frag,1
tucson,1
pracitces,1
advena,1
curtailed,1
eweb,1
bright,1
christel,1
lemmon,1
making,1
appreciated,1
tbarringer,1
edisonmission,1
hawley,1
gcpud,1
whoohoo,1
conform,1
fat,1
deall,1
wheeling,1
dianna,1
mitchel,1
showing,1
hint,1
resort,1
overdue,1
reimburse,1
aggressor,1
receiver,1
weighty,1
advent,1
dannhaus,1
lvc,1
corrosion,1
makeup,1
precipated,1
eventuality,1
considred,1
culvert,1
penetration,1
farther,1
recommended,1
silent,1
spec,1
chemielwski,1
nace,1
ss,1
recommendeed,1
ppm,1
paloverde,1
oasisadm,1
apsc,1
proposing,1
determination,1
fits,1
logic,1
prevail,1
tiswg,1
impala,1
carve,1
ballerss,1
standing,1
pdxindoorsoccer,1
chaos,1
dump,1
perish,1
fatal,1
ets,1
garren,1
condolence,1
aggies,1
scholarship,1
ebl,1
communityrelations,1
tragedy,1
romero,1
araceli,1
hayden,1
davenport,1
lacrecia,1
accomplishment,1
knowledgeable,1
willingness,1
extracurricular,1
onsite,1
platform,1
rapport,1
websites,1
tolerance,1
taking,1
empower,1
ignored,1
incd,1
shediun,1
abrator,1
supplimental,1
bloombergs,1
lana,1
gloria,1
ellingwood,1
hutchison,1
wesley,1
buckmier,1
shirley,1
lyon,1
lindsay,1
mohamed,1
summarizing,1
monitoring,1
noncompliance,1
honorable,1
monitored,1
century,1
spike,1
trend,1
reduced,1
aggressively,1
exacerbate,1
likelihood,1
conserve,1
substitute,1
incentives,1
consume,1
clearinghouse,1
aggregation,1
broad,1
preempt,1
abrogate,1
radanovich,1
mary,1
bono,1
walden,1
duncan,1
hunter,1
randy,1
cunningham,1
horn,1
royce,1
darrell,1
issa,1
commoditizing,1
watching,1
wisely,1
renewal,1
consultation,1
sourcing,1
designee,1
expedite,1
collateral,1
sizeable,1
efficiently,1
personalized,1
channel,1
mend,1
diligent,1
sacrifice,1
comfort,1
adhere,1
deviation,1
airfare,1
gss,1
clicktrip,1
chain,1
alamo,1
intended,1
retains,1
sensible,1
csfaq,1
known,1
dometrios,1
wessex,1
azurix,1
continuity,1
command,1
exclusively,1
racicot,1
marcello,1
romano,1
cohagan,1
fehl,1
venture,1
leveraged,1
out,1
distress,1
garland,1
donahue,1
metts,1
volumetric,1
tentatively,1
diagram,1
portlandairportpdx,1
enrol,1
checklist,1
dispatchability,1
hub,1
optionality,1
bundle,1
slide,1
mckinney,1
bro,1
portlandshift,1
tuohy,1
ptuohy,1
wm,1
martell,1
nutshell,1
supplement,1
toolset,1
perfectly,1
inherently,1
validation,1
checkmark,1
randomly,1
viewpoint,1
participation,1
cmi,1
brada,1
communitymgt,1
condominium,1
kirstin,1
boettcher,1
burghart,1
hasson,1
realtor,1
faith,1
clerichrd,1
mciver,1
navjote,1
jagpal,1
ddelzer,1
thylden,1
toole,1
craven,1
myers,1
hgreen,1
skoch,1
philtice,1
deseretgt,1
fwright,1
digisys,1
cherie,1
steigerwald,1
shultsjw,1
oge,1
rfrancis,1
idacorpenergy,1
jshadie,1
kgillis,1
panderson,1
tmilam,1
ttaylor,1
biggst,1
chambellan,1
oetting,1
ted,1
bauman,1
smallwood,1
ncepower,1
clangston,1
cstanley,1
dbreithaupt,1
jwoita,1
kgaden,1
lhartgrave,1
dpettinger,1
transprov,1
aivars,1
saukants,1
cory,1
dowdy,1
wisbeck,1
andres,1
jthomas,1
luciuk,1
malcolm,1
piotrowicz,1
hiley,1
hourdesk,1
powersrc,1
dmpetritz,1
jswilliamson,1
btomsky,1
rmgci,1
kamurdoc,1
srpnet,1
provo,1
slynsky,1
ut,1
bhorton,1
csamson,1
slong,1
ariella,1
weis,1
clint,1
korchinski,1
jade,1
esiaw,1
pelley,1
plotrowica,1
meghana,1
bhat,1
hnatyshyn,1
mikthe,1
shasch,1
uamps,1
cevans,1
utilicorp,1
cyndy,1
mielke,1
donaldson,1
willliams,1
barker,1
xemkt,1
colorado,1
missouri,1
mm,1
dd,1
yy,1
allowable,1
vestal,1
wdfire,1
preschedued,1
kang,1
gaddi,1
restraint,1
stringent,1
intense,1
senate,1
republicans,1
spiral,1
expands,1
motion,1
oral,1
sinks,1
haul,1
juno,1
julol,1
octol,1
whoah,1
thinking,1
patient,1
embarrassed,1
told,1
mailing,1
gald,1
slight,1
shuttle,1
apoligize,1
bibi,1
putnam,1
boston,1
initiative,1
creativity,1
etr,1
rata,1
staffer,1
geographical,1
withholding,1
hydroelectric,1
exempt,1
expanded,1
removed,1
sought,1
seasonal,1
authorization,1
forego,1
issuance,1
pocket,1
exceptional,1
certainly,1
hong,1
sr,1
analytics,1
jubran,1
whalan,1
solstice,1
growler,1
impartial,1
mudhoney,1
egbdf,1
yoself,1
lovely,1
ritas,1
cam,1
wop,1
dammit,1
tsoto,1
abide,1
dire,1
novosel,1
christi,1
odds,1
retroactively,1
treating,1
submitting,1
saving,1
tools,1
bwillia,1
warning,1
urgently,1
staffed,1
floodwaters,1
teco,1
satellite,1
ercot,1
seamless,1
jmf,1
proposition,1
duplication,1
sophisticated,1
consumption,1
oil,1
pharmaceutical,1
biotech,1
specialty,1
petroleum,1
coal,1
plastic,1
rubber,1
fertilizer,1
rail,1
gm,1
daimler,1
chrysler,1
cement,1
aerospace,1
boeing,1
raytheon,1
ge,1
allied,1
hamilton,1
sundstrom,1
agricultural,1
ccrcommunications,1
asist,1
ive,1
clausen,1
havent,1
gotten,1
hunsucker,1
expired,1
consequently,1
eta,1
valley,1
natalie,1
vea,1
delphi,1
developer,1
lei,1
schweiger,1
vm,1
itinerary,1
y,1
intermed,1
marriott,1
dr,1
rancho,1
cordova,1
cf,1
nosmk,1
happily,1
passenger,1
identification,1
nonrefundable,1
hedstrom,1
gossett,1
reef,1
superty,1
brent,1
sweeney,1
stint,1
singapore,1
assimilation,1
oa,1
streamline,1
alignment,1
consolidated,1
shona,1
scribner,1
jordan,1
proliferation,1
seize,1
deanne,1
strategize,1
ny,1
passing,1
gathering,1
overseas,1
dallas,1
cousin,1
everywhere,1
beacuse,1
latin,1
pony,1
bbq,1
greenfield,1
bunnell,1
corless,1
preston,1
lowell,1
admission,1
backyard,1
commend,1
noticed,1
supervise,1
teaching,1
biology,1
teacher,1
richland,1
ultra,1
debacle,1
approves,1
ogre,1
reside,1
impress,1
typical,1
suave,1
portrayal,1
uh,1
hmmm,1
depth,1
blanket,1
drank,1
boone,1
farm,1
strawberry,1
joke,1
brand,1
lemon,1
osmosis,1
filtration,1
pic,1
tahoe,1
curly,1
rooftop,1
clencher,1
paramount,1
scary,1
joking,1
tan,1
beat,1
nik,1
occurrence,1
validity,1
ahold,1
waxler,1
andersen,1
ev,1
ewaxler,1
eandersen,1
footer,1
addressee,1
indicated,1
consent,1
rothleder,1
preferably,1
mismatch,1
sch,1
calif,1
duk,1
sre,1
centered,1
style,1
deregulate,1
baseless,1
workforce,1
gouge,1
occasion,1
occupational,1
unqualified,1
scrap,1
asbestos,1
regime,1
cancer,1
abuse,1
african,1
larson,1
counterpart,1
alert,1
lockyer,1
mismanage,1
toss,1
machinery,1
broken,1
happiness,1
twist,1
wrench,1
insult,1
brotherhood,1
disgust,1
gluttony,1
greed,1
stole,1
throttle,1
knew,1
carlos,1
desperation,1
extrat,1
assesment,1
pwrx,1
sour,1
lowest,1
opt,1
coral,1
travis,1
beware,1
jamieshand,1
aec,1
estimation,1
jeez,1
nat,1
metric,1
lastly,1
cheat,1
necessitate,1
dispatchscout,1
seq,1
davidporter,1
tues,1
tackle,1
sleep,1
distinguish,1
seam,1
afranji,1
rtos,1
pjm,1
otheriwse,1
installed,1
needs,1
closly,1
publically,1
raezer,1
pto,1
hatway,1
remidies,1
connectivity,1
hpuente,1
pls,1
inflexible,1
defer,1
denied,1
waits,1
reconsider,1
reached,1
con,1
encroach,1
feasibility,1
submittals,1
hurray,1
firework,1
doclibrary,1
iscedcenter,1
docentlm,1
birth,1
mmddyyyy,1
printing,1
inactivity,1
dev,1
xmschange,1
upgrade,1
wb,1
prototype,1
occurr,1
ample,1
layer,1
repetitive,1
abbreviated,1
hurdle,1
latter,1
adjusments,1
suzie,1
stone,1
sistone,1
european,1
sprinkle,1
humid,1
misty,1
screwed,1
pour,1
spy,1
aimlessly,1
astoria,1
fish,1
clam,1
chowder,1
fry,1
seafood,1
pulled,1
taffy,1
haystack,1
goonies,1
kindergarten,1
cop,1
loser,1
fool,1
vcr,1
dorky,1
abnormality,1
hug,1
trek,1
falcon,1
cove,1
discusting,1
dive,1
blech,1
lick,1
butt,1
oooo,1
gross,1
otwalia,1
fruit,1
eggs,1
benedict,1
pecan,1
encrust,1
french,1
toast,1
zing,1
butter,1
syrup,1
swear,1
pricey,1
tooo,1
locke,1
mananomah,1
stevens,1
trail,1
tail,1
cute,1
tugboat,1
annie,1
atb,1
potatoe,1
stanford,1
salad,1
chosen,1
townhouse,1
ear,1
concrete,1
elect,1
doorstep,1
hte,1
slot,1
weary,1
eye,1
seetle,1
hospitality,1
suspect,1
burry,1
jessica,1
squire,1
lysa,1
kootenai,1
bch,1
juanita,1
wkpl,1
ava,1
hnf,1
hatwai,1
supplied,1
forwarding,1
belong,1
fl,1
greek,1
gorgeous,1
pond,1
flower,1
movie,1
soundgarden,1
wacky,1
modern,1
emp,1
arboretum,1
someplace,1
arts,1
instate,1
brason,1
alex,1
gabriychuk,1
bwoertz,1
messy,1
ion,1
principle,1
catalin,1
micsa,1
cmicsa,1
realm,1
calc,1
rhonda,1
gwendolyn,1
sims,1
werner,1
joy,1
sincere,1
screw,1
butte,1
scarce,1
proposes,1
strive,1
identity,1
hrs,1
kca,1
olympia,1
tend,1
cynical,1
tear,1
bridesmaid,1
niffer,1
enginering,1
dreyes,1
fantastic,1
vip,1
exchage,1
spouse,1
adult,1
katy,1
byrne,1
kbyrne,1
essence,1
colby,1
avenue,1
numerical,1
continually,1
engage,1
ramabile,1
execlead,1
amabile,1
describes,1
satisfied,1
concise,1
parson,1
swerman,1
julyol,1
complicate,1
coincidentally,1
sec,1
recorded,1
fake,1
wanted,1
unintelligible,1
ridiculous,1
fifteen,1
awaiting,1
inclined,1
slienema,1
mtpower,1
zippo,1
scrammbling,1
lunatic,1
frazzle,1
excuse,1
apology,1
stranger,1
workout,1
sore,1
strike,1
restraunt,1
strange,1
reassure,1
ecstatic,1
sight,1
brag,1
bragged,1
overly,1
affectionate,1
scare,1
sweetie,1
meg,1
companionship,1
realize,1
personality,1
flirt,1
flirtatious,1
attractive,1
stiuation,1
envy,1
towrds,1
teehee,1
realtionship,1
interlude,1
worst,1
kickin,1
boyfriend,1
husband,1
staying,1
potland,1
stunt,1
irrational,1
thoughtful,1
darling,1
stroy,1
embarrssed,1
humbled,1
exhausted,1
inspire,1
goodnight,1
bless,1
summarizes,1
rtumble,1
bowl,1
debilitate,1
disease,1
breakthrough,1
donations,1
suffering,1
rework,1
creation,1
missing,1
unused,1
freeze,1
froze,1
reopen,1
jury,1
der,1
transparency,1
plain,1
charset,1
fails,1
awestruck,1
encore,1
incidentally,1
wander,1
reaction,1
subside,1
cheese,1
pumped,1
as,1
wreak,1
havoc,1
nasty,1
crowd,1
salsa,1
episode,1
engulf,1
chicago,1
tank,1
stove,1
explode,1
frenzy,1
react,1
frozen,1
gilmore,1
grandma,1
christmas,1
experiment,1
ticker,1
espn,1
flatscreen,1
literal,1
inferno,1
blunt,1
shout,1
obscenity,1
yell,1
outta,1
stare,1
yank,1
mask,1
witness,1
maurice,1
greene,1
pitcher,1
yolk,1
blister,1
extinguish,1
toll,1
ruin,1
torch,1
cabinet,1
screaming,1
polarek,1
departemnt,1
vagina,1
flames,1
drama,1
cookies,1
milk,1
dice,1
sticking,1
perception,1
opine,1
notable,1
summarily,1
demonstrating,1
hypothetical,1
recreating,1
citygate,1
midpoint,1
calculated,1
demonstrable,1
subtract,1
somewhat,1
recreate,1
deviate,1
resettle,1
receivable,1
removal,1
hazard,1
suitable,1
postlethwaite,1
boiler,1
leak,1
decing,1
implementing,1
cold,1
autumn,1
simultaneously,1
almond,1
roca,1
ganache,1
cake,1
booked,1
hence,1
checking,1
grammy,1
nomination,1
fame,1
inductee,1
amphitheater,1
configuration,1
rubberband,1
bernadette,1
sugar,1
pie,1
honey,1
proud,1
celebrate,1
fortunate,1
outpouring,1
enthusiastic,1
proceeds,1
litter,1
vandalism,1
prooud,1
boy,1
lb,1
oz,1
atta,1
asem,1
sundays,1
ineligible,1
nay,1
cernest,1
eonukogu,1
undisclosed,1
trashed,1
decides,1
nevertheless,1
unquestioning,1
movement,1
precise,1
trumpet,1
ingenuity,1
inputting,1
crash,1
technicality,1
surprisingly,1
furious,1
muscle,1
mortgage,1
chuck,1
thrive,1
deregulated,1
coworkers,1
woodwork,1
fired,1
patch,1
permanent,1
stuck,1
megawatts,1
instal,1
manufacturer,1
caterpillar,1
redirect,1
hydroelectricity,1
quasi,1
ol,1
whuppin,1
ridiculousness,1
practically,1
nickel,1
dead,1
restructure,1
dj,1
til,1
registered,1
km,1
unversity,1
risky,1
synopsis,1
sel,1
reconcilation,1
trigger,1
bandwidth,1
dependence,1
slower,1
architect,1
utilizes,1
flaky,1
performing,1
heavily,1
blotter,1
housing,1
laurelhurst,1
earthlink,1
bente,1
hevanet,1
cpthoff,1
nmhg,1
rhalstead,1
daleb,1
usnr,1
verizon,1
gr,1
heighten,1
varsity,1
boys,1
scolls,1
chummy,1
athletic,1
ba,1
chunk,1
garage,1
terrace,1
roommate,1
friends,1
pursuing,1
util,1
dep,1
feusi,1
smartcard,1
straightforward,1
headcount,1
executable,1
finalized,1
fda,1
consolidation,1
goodale,1
benitez,1
htsp,1
leisure,1
appearance,1
tenatively,1
math,1
discussed,1
benefical,1
trasmission,1
interacts,1
pertain,1
integrate,1
reconcile,1
tee,1
goodness,1
oops,1
esp,1
freak,1
rehearing,1
elo,1
attched,1
seabrona,1
ds,1
cn,1
vanc,1
appreaciate,1
cong,1
fundies,1
kn,1
derate,1
ectrt,1
entries,1
plaza,1
sizzle,1
advertising,1
haven,1
homeless,1
terabyte,1
extreme,1
adventure,1
arctic,1
driving,1
equine,1
netiquette,1
inside,1
craziness,1
courie,1
fulfil,1
globally,1
webevents,1
videotape,1
jeffscorner,1
megawiggles,1
eprocurement,1
resubmit,1
psei,1
bf,1
instated,1
calibrate,1
filet,1
bourdelaise,1
sauce,1
steak,1
tchernokojeva,1
marina,1
freeman,1
mccarrel,1
tweed,1
ngo,1
sager,1
pnw,1
harmonic,1
mp,1
sequence,1
query,1
sim,1
rollout,1
made,1
landfill,1
glean,1
stray,1
calpx,1
differ,1
beaver,1
iowa,1
cubs,1
patty,1
dea,1
slept,1
sushi,1
kathleen,1
absorb,1
scramble,1
norm,1
quarterback,1
firefighter,1
battling,1
efletcher,1
sacbee,1
superior,1
lucrative,1
transmit,1
reactive,1
circa,1
mcps,1
underlie,1
formulation,1
inclusion,1
unadjusted,1
breakdown,1
expenditures,1
accurately,1
vendor,1
entirety,1
procurement,1
dorie,1
hitchcock,1
charlie,1
slash,1
rerate,1
annuites,1
drill,1
repay,1
owes,1
arranged,1
dependant,1
caused,1
initally,1
wrapping,1
transl,1
transloasis,1
inconsistently,1
purposefully,1
survived,1
activate,1
upper,1
blank,1
sucessfully,1
forced,1
greyed,1
barsness,1
visible,1
crane,1
obstacle,1
tnp,1
brain,1
epecol,1
mcreynold,1
necessity,1
incline,1
attract,1
needed,1
responsibilty,1
reg,1
mcc,1
recorder,1
dittmer,1
burt,1
tbl,1
ox,1
gore,1
deferential,1
arbitrarily,1
slam,1
dunk,1
craft,1
dim,1
constitutional,1
cast,1
precedent,1
viability,1
downside,1
colloquoy,1
purely,1
motivated,1
consistency,1
henious,1
negate,1
steffes,1
sander,1
presumably,1
excerpt,1
institution,1
allows,1
purchased,1
sleeving,1
middleman,1
underscore,1
transformation,1
diversify,1
turmoil,1
surprising,1
intentional,1
consequence,1
recoup,1
saddle,1
eliminate,1
balloon,1
balancing,1
memorandum,1
bonanza,1
cheap,1
hidden,1
tentative,1
kline,1
comparable,1
investigator,1
vegas,1
increased,1
applaud,1
newer,1
youngberg,1
bud,1
fargo,1
kasper,1
shrewd,1
dream,1
axia,1
koch,1
fajita,1
comus,1
barbur,1
jackson,1
gk,1
gl,1
windows,1
eddie,1
ledesma,1
announces,1
introducing,1
charter,1
orlando,1
roadrunner,1
tune,1
subsidize,1
leola,1
wherever,1
interestingly,1
janders,1
expertise,1
rabin,1
daryl,1
edition,1
mirror,1
stung,1
excessive,1
sixth,1
belatedly,1
prohibits,1
portray,1
joseph,1
watchdog,1
evade,1
creative,1
semantics,1
ought,1
unlikely,1
diminish,1
seemingly,1
normally,1
omit,1
probe,1
undetermined,1
ranking,1
participated,1
herman,1
leung,1
constantine,1
louie,1
cheng,1
formerly,1
defunct,1
living,1
skyrocket,1
pawn,1
elaine,1
giant,1
falter,1
bernard,1
uphold,1
met,1
divest,1
distinctly,1
stance,1
raquelle,1
rocha,1
unprecedented,1
saber,1
blackstone,1
controversial,1
underpin,1
legislative,1
pact,1
contrast,1
derose,1
withdrawn,1
nicely,1
constitutes,1
awhile,1
reed,1
turtel,1
brownell,1
ascenzi,1
toller,1
wade,1
saundra,1
dalgleish,1
soldonia,1
matias,1
bryan,1
drawer,1
popular,1
chinman,1
spring,1
razorfish,1
enw,1
undergraduate,1
nick,1
hawthorne,1
hors,1
oeuvre,1
guest,1
carpool,1
cordially,1
pride,1
crossing,1
dalai,1
lama,1
articles,1
qa,1
tuition,1
quotation,1
unsubscribe,1
body,1
approx,1
gwen,1
flashed,1
picked,1
probability,1
inaccuracy,1
entering,1
vigor,1
fraud,1
violates,1
airmail,1
unsuspecting,1
pretext,1
counterfeit,1
forge,1
maintains,1
talented,1
inventive,1
affirmative,1
aap,1
disability,1
equitable,1
recruitment,1
applicant,1
screening,1
disciplinary,1
separation,1
bias,1
favoritism,1
mutually,1
sexual,1
preventable,1
education,1
unacceptable,1
equitably,1
informally,1
unfairly,1
unfair,1
unsafe,1
assertion,1
familiarize,1
expected,1
olson,1
rewarding,1
victorville,1
lugo,1
understands,1
nfb,1
annas,1
bbrown,1
keynote,1
netapp,1
leah,1
jodi,1
cendantmobility,1
brookem,1
bethune,1
elena,1
coleman,1
ejewell,1
camilajusty,1
mkarns,1
festival,1
duct,1
boob,1
priceless,1
uuencoded,1
jpeg,1
corrine,1
lessen,1
hefty,1
unauthorized,1
nefarious,1
flagrantly,1
wicked,1
impious,1
pedantic,1
pedant,1
narrowly,1
stodgily,1
ostentatiously,1
learned,1
unimaginative,1
pedestrian,1
jargon,1
rap,1
imminent,1
panel,1
cozy,1
forfeiting,1
moreover,1
appoint,1
starve,1
functioning,1
troubling,1
reconstitute,1
dwhitney,1
mcclatchydc,1
tbd,1
uc,1
chickened,1
courage,1
fromt,1
figuire,1
besides,1
clarity,1
stwrockies,1
lookout,1
refers,1
ratnala,1
bulk,1
pertains,1
overlap,1
midyear,1
reviewer,1
observation,1
yup,1
schoolers,1
thursdays,1
beav,1
nicol,1
mandatory,1
adjacent,1
symptom,1
contacted,1
expecting,1
letcha,1
anyplace,1
salary,1
nip,1
shelf,1
naval,1
academy,1
golfer,1
elder,1
anytime,1
shuts,1
invoicable,1
ccolleen,1
egibson,1
mktg,1
mtg,1
speaker,1
toy,1
becomming,1
pinochle,1
cracker,1
age,1
partake,1
chick,1
fixing,1
ave,1
tall,1
trim,1
indiscretion,1
notwithstanding,1
theory,1
warranty,1
tort,1
negligence,1
indemnity,1
indirect,1
goodwill,1
exemplary,1
tigard,1
beverages,1
tuscany,1
injury,1
teesside,1
prayer,1
relatives,1
notified,1
tragic,1
accident,1
pattern,1
untenable,1
reoccurrence,1
decode,1
ramification,1
solicit,1
combined,1
ensue,1
outgo,1
allocated,1
monies,1
pvd,1
wescl,1
ww,1
gf,1
mmw,1
degrade,1
woolfolk,1
glennda,1
chui,1
atlanta,1
imperil,1
dangerously,1
collapse,1
lifeline,1
shortfall,1
govern,1
troubled,1
delivering,1
balk,1
sudden,1
severe,1
uncorrected,1
widespread,1
patrick,1
stem,1
incompetence,1
statewide,1
complain,1
sufficiently,1
issuing,1
declaration,1
confederation,1
grids,1
fluctuation,1
worse,1
dip,1
disturbance,1
offline,1
alarming,1
levied,1
defy,1
nationally,1
violator,1
slap,1
wrist,1
vancko,1
congress,1
tougher,1
stall,1
motivation,1
dragging,1
everybody,1
sjohnson,1
sjmercury,1
glitch,1
impractical,1
remedied,1
crop,1
busbar,1
acheived,1
sex,1
trolley,1
playground,1
surowiec,1
presence,1
ashbaker,1
aera,1
aspen,1
veatch,1
pbl,1
constellation,1
dsp,1
cue,1
dena,1
dynergy,1
ebmud,1
fpl,1
ida,1
navigant,1
pb,1
scd,1
sce,1
scheverman,1
socalgas,1
skilling,1
resignation,1
substantially,1
robust,1
leading,1
broadcast,1
technically,1
epsa,1
pat,1
overlook,1
midst,1
brokerage,1
unsure,1
eliminates,1
unwanted,1
workload,1
alike,1
belief,1
merely,1
nahoutrd,1
pwr,1
transcanada,1
pinal,1
livelink,1
tailor,1
imply,1
cartography,1
interesting,1
anecdote,1
barabak,1
improperly,1
accusation,1
crony,1
voracious,1
shrug,1
politician,1
nominee,1
shelve,1
romp,1
landslide,1
victory,1
assault,1
allege,1
lapse,1
crunch,1
invigorate,1
pervasive,1
scandal,1
observer,1
reelection,1
dominant,1
resonant,1
corrosive,1
cynicism,1
cavalierly,1
dozen,1
garry,1
probity,1
whatsoever,1
distraction,1
boast,1
gale,1
criticize,1
creates,1
incompetent,1
corruption,1
rob,1
stutzman,1
tone,1
characteristically,1
pugnacious,1
fashion,1
purview,1
patently,1
desperately,1
sustain,1
gubernatorial,1
embarrassingly,1
formally,1
fellow,1
banker,1
officially,1
candidacy,1
ironically,1
capitalize,1
neophyte,1
officeholder,1
decade,1
mayor,1
cloth,1
sipple,1
slimy,1
enrichment,1
famously,1
modest,1
lifestyle,1
frugality,1
symbolize,1
cramp,1
hollywood,1
sharon,1
juan,1
amidst,1
overlooked,1
confuse,1
adversely,1
impacted,1
dlcp,1
vlcp,1
udc,1
interruptible,1
desert,1
territory,1
speaking,1
kink,1
phy,1
finacial,1
picnic,1
tabor,1
band,1
hula,1
dancer,1
noho,1
cafe,1
catering,1
aloha,1
sadly,1
convenience,1
mif,1
connect,1
hrglobal,1
gi,1
petition,1
invoiced,1
unilaterally,1
oblige,1
expressly,1
disavow,1
proofs,1
outcome,1
diligently,1
nonetheless,1
unresolved,1
unidentified,1
wooden,1
pinot,1
noir,1
evolution,1
mixed,1
steaks,1
ski,1
swiss,1
knife,1
luggage,1
instrument,1
portable,1
detector,1
atomic,1
despite,1
testing,1
iptv,1
hardy,1
replay,1
imb,1
apxl,1
inability,1
robin,1
dedication,1
alliance,1
tally,1
hubbub,1
brew,1
pub,1
marshall,1
awarded,1
mileage,1
leif,1
taugher,1
contra,1
costa,1
misunderstanding,1
compound,1
underpayment,1
divvy,1
unpaid,1
financially,1
broke,1
unmet,1
plasma,1
satisfaction,1
caisop,1
stnw,1
minus,1
rtc,1
republish,1
inquires,1
inactive,1
presently,1
concurrently,1
breaker,1
cbs,1
hinson,1
villa,1
substation,1
interrupting,1
forecasted,1
forwarded,1
dubash,1
bresnan,1
replicate,1
configure,1
offpeak,1
alteration,1
meir,1
tactic,1
psychological,1
hitting,1
enjoyable,1
educational,1
elm,1
collier,1
mechanical,1
construction,1
wye,1
padmount,1
conduit,1
fuse,1
outs,1
automotive,1
heol,1
unavailability,1
tip,1
ramsey,1
ethink,1
vault,1
thinkbank,1
innovator,1
sm,1
occasional,1
equally,1
elements,1
cling,1
relative,1
vulnerable,1
anatomy,1
frontal,1
flanking,1
frustration,1
loved,1
phenomenal,1
mutter,1
unsatisfying,1
worsen,1
seven,1
elderly,1
decrepitude,1
freedom,1
translation,1
poland,1
baseball,1
satchel,1
waive,1
prevision,1
bp,1
gridgely,1
nursing,1
rog,1
hawkins,1
newman,1
laters,1
supplant,1
lay,1
bowen,1
causey,1
derrick,1
janet,1
cfo,1
frevert,1
ben,1
glisan,1
treasurer,1
haedicke,1
kean,1
koenig,1
mcconnell,1
mcmahon,1
shankman,1
sherriff,1
toby,1
copley,1
congressman,1
objection,1
acute,1
cycle,1
spotlight,1
appointee,1
oversee,1
echo,1
recede,1
nine,1
tribune,1
publishing,1
funky,1
resubmitted,1
torrey,1
moorer,1
indelicato,1
vms,1
discontinue,1
subset,1
dissemination,1
substantive,1
disable,1
journal,1
deleted,1
freed,1
enclosed,1
clientserv,1
tac,1
caution,1
jeopardize,1
disclaimer,1
submitted,1
involuntary,1
overlay,1
teck,1
eintract,1
roster,1
sgates,1
metfamily,1
mor,1
maroon,1
shirt,1
pittsburg,1
tassaraja,1
invoke,1
zonal,1
disputing,1
eager,1
crawler,1
copenhagen,1
lounge,1
shower,1
sweat,1
bastard,1
playoff,1
wjwjr,1
phonecard,1
redispatch,1
procedures,1
interfa,1
breakroom,1
ahhh,1
bretts,1
costco,1
erica,1
sister,1
ms,1
curb,1
dealing,1
inevitable,1
abstruse,1
unscheduled,1
hereby,1
roxy,1
hiddie,1
ho,1
vq,1
unemployed,1
pipe,1
meaning,1
checkouts,1
incredible,1
correctness,1
proverbial,1
knock,1
negatively,1
forsee,1
posession,1
lelt,1
concentrated,1
interally,1
externally,1
increse,1
effectiveness,1
efficiency,1
additionaly,1
personaly,1
indivduals,1
progessing,1
acitities,1
appreciation,1
aiding,1
suddnely,1
enundated,1
shadow,1
commence,1
eberti,1
plenty,1
anger,1
sweden,1
returnig,1
shakedown,1
patrol,1
caribbean,1
staton,1
engine,1
submarine,1
topside,1
born,1
winston,1
churchill,1
turtle,1
mke,1
reestablish,1
continued,1
industrials,1
ious,1
endeavor,1
palmer,1
shapro,1
ackerman,1
foothillservices,1
mindspring,1
lednicky,1
mcdonough,1
pigeon,1
denne,1
paula,1
collins,1
mosey,1
mitchell,1
toni,1
amendolia,1
stutz,1
roalstad,1
sousa,1
fistolera,1
dace,1
udris,1
clawson,1
parochetti,1
averill,1
frederick,1
bermudez,1
investigative,1
conjecture,1
scehduling,1
bargain,1
robbery,1
gba,1
alread,1
changeyourpassword,1
accessing,1
salman,1
caliber,1
amateur,1
skyline,1
mainly,1
fullback,1
postitions,1
gaining,1
gladstone,1
british,1
minister,1
faraday,1
laboratory,1
esoteric,1
substance,1
significance,1
sir,1
settlments,1
questionable,1
misc,1
stwhourly,1
agg,1
designated,1
routing,1
confrim,1
accordian,1
expresspip,1
holnam,1
luzenac,1
ashgrove,1
westpower,1
bikecommute,1
teams,1
statistic,1
stats,1
benton,1
franklin,1
outsource,1
slice,1
digital,1
elearning,1
simulation,1
personalize,1
maker,1
professor,1
rank,1
conducive,1
bookmark,1
involvement,1
chose,1
airplane,1
hyperlink,1
piloting,1
kimura,1
remotely,1
personel,1
coast,1
suspension,1
wire,1
livellink,1
shoulder,1
slowly,1
smooth,1
oversold,1
shold,1
oversell,1
recieved,1
natsource,1
tabl,1
allegheny,1
cab,1
suv,1
ccynthia,1
ebiggs,1
travelpark,1
yqxrod,1
inn,1
pullman,1
queen,1
nonsmk,1
chk,1
holidays,1
chipper,1
jsole,1
angela,1
cadena,1
advanced,1
decipher,1
intrinsic,1
dynamically,1
annualize,1
periodic,1
versa,1
synthetic,1
mispriced,1
skews,1
comprehend,1
consequent,1
irregular,1
theta,1
rho,1
extendable,1
cancelable,1
swaption,1
alternative,1
monetize,1
borrow,1
jarnagin,1
josie,1
super,1
faster,1
scid,1
wk,1
elf,1
cavalier,1
included,1
minnesota,1
timberwolves,1
donated,1
drawing,1
salvation,1
cigna,1
healthcare,1
merck,1
medco,1
prescription,1
metlife,1
pin,1
desired,1
transit,1
carbgn,1
getfieldvalue,1
qty,1
aeps,1
